steps,bmi,gender
11614.077669902912,17.632058287795992,female
8665.048543689321,26.02367941712204,female
72.81553398058168,30.204007285974495,female
10449.029126213592,27.3551912568306,female
6881.0679611650485,26.704918032786885,female
9975.728155339806,31.4735883424408,female
10157.766990291262,31.287795992714024,female
9065.533980582524,29.367941712204008,female
7500.0,32.0,female
3750.0,29.429872495446265,female
8665.048543689321,16.641165755919854,female
436.8932038834955,31.349726775956285,female
6735.436893203883,29.522768670309652,female
3677.1844660194183,17.29143897996357,female
8628.640776699029,15.49544626593807,female
9320.388349514564,25.18761384335155,female
109.22330097087432,26.395264116575593,female
10339.805825242718,30.66848816029144,female
10703.88349514563,27.75774134790528,female
10339.805825242718,19.67577413479053,female
8228.155339805824,25.0327868852459,female
2257.2815533980574,29.49180327868852,female
6371.359223300971,25.404371584699454,female
6152.912621359223,26.92167577413479,female
11832.52427184466,29.584699453551913,female
11140.776699029126,29.646630236794177,female
6371.359223300971,21.100182149362475,female
72.81553398058168,25.52823315118397,female
9247.57281553398,26.704918032786885,female
8737.864077669903,27.72677595628415,female
7208.73786407767,29.33697632058288,female
8774.271844660194,16.145719489981786,female
8883.495145631068,29.429872495446265,female
5169.902912621359,29.306010928961747,female
10012.135922330095,25.435336976320585,female
364.077669902912,27.01457194899818,female
9247.57281553398,27.664845173041893,female
11286.40776699029,29.73952641165756,female
10339.805825242718,25.62112932604736,female
509.7087378640772,31.442622950819672,female
11905.339805825242,18.406193078324225,female
8082.52427184466,31.938069216757743,female
6990.291262135922,29.987249544626593,female
6298.543689320388,17.570127504553735,female
9138.349514563106,29.24408014571949,female
145.63106796116517,26.42622950819672,female
7172.330097087379,30.358834244080143,female
400.4854368932047,30.7304189435337,female
6189.320388349515,27.448087431693992,female
11941.747572815531,25.68306010928962,female
2766.9902912621365,30.57559198542805,female
6262.135922330097,31.10200364298725,female
8737.864077669903,16.145719489981786,female
7682.038834951456,26.395264116575593,female
6735.436893203883,25.24954462659381,female
11796.11650485437,18.65391621129326,female
13689.320388349515,17.508196721311474,female
6262.135922330097,29.770491803278688,female
9466.019417475727,29.213114754098363,female
1237.864077669903,30.854280510018217,female
873.786407766991,31.411657559198545,female
691.7475728155332,30.327868852459016,female
5497.57281553398,22.40072859744991,female
36.40776699029084,30.358834244080143,female
12487.864077669905,17.446265938069217,female
873.786407766991,23.794171220400727,female
10194.174757281551,19.18032786885246,female
4550.9708737864075,28.996357012750455,female
7245.145631067961,28.65573770491803,female
11067.961165048544,17.012750455373407,female
6152.912621359223,17.570127504553735,female
8519.417475728154,26.05464480874317,female
6371.359223300971,31.442622950819672,female
8046.116504854369,28.28415300546448,female
11868.932038834952,29.05828779599271,female
8155.339805825242,28.315118397085612,female
7827.669902912621,28.53187613843351,female
3021.844660194174,29.05828779599271,female
7063.1067961165045,30.018214936247723,female
11322.815533980582,29.770491803278688,female
8956.310679611652,15.43351548269581,female
10631.067961165048,30.451730418943537,female
14308.252427184469,16.88888888888889,female
8847.087378640776,29.275045537340617,female
8956.310679611652,27.75774134790528,female
10558.252427184469,20.51183970856102,female
10194.174757281551,19.14936247723133,female
9648.058252427183,31.13296903460838,female
9247.57281553398,29.306010928961747,female
6589.805825242718,15.247723132969035,female
11067.961165048544,28.160291438979964,female
5934.466019417476,21.53369763205829,female
8373.786407766991,29.770491803278688,female
11432.038834951456,16.981785063752277,female
436.8932038834955,28.996357012750455,female
8118.932038834952,31.87613843351548,female
11031.553398058251,21.285974499089253,female
436.8932038834955,31.380692167577415,female
436.8932038834955,29.49180327868852,female
8628.640776699029,31.845173041894355,female
5970.873786407767,25.68306010928962,female
400.4854368932047,28.593806921675775,female
5716.019417475729,21.93624772313297,female
7463.592233009709,17.198542805100182,female
8992.718446601943,29.306010928961747,female
546.116504854368,27.664845173041893,female
12633.495145631068,23.391621129326047,female
8628.640776699029,28.036429872495447,female
3713.592233009709,23.484517304189435,female
10521.844660194176,30.51366120218579,female
10631.067961165048,30.389799635701273,female
1274.271844660194,28.872495446265937,female
8628.640776699029,29.49180327868852,female
9611.650485436894,24.75409836065574,female
8592.233009708738,30.018214936247723,female
10594.660194174758,29.770491803278688,female
12524.271844660194,23.205828779599273,female
9393.203883495144,17.848816029143897,female
4332.524271844661,17.074681238615664,female
8300.970873786408,30.173041894353368,female
2949.0291262135925,26.11657559198543,female
1310.6796116504847,28.9344262295082,female
5934.466019417476,16.82695810564663,female
14672.33009708738,17.074681238615664,female
618.9320388349515,31.4735883424408,female
6298.543689320388,24.78506375227687,female
8701.456310679612,17.16757741347905,female
5679.611650485436,24.010928961748633,female
12269.417475728154,22.493624772313296,female
327.6699029126212,27.01457194899818,female
8883.495145631068,22.67941712204007,female
13834.95145631068,18.096539162112933,female
10449.029126213592,25.775956284153004,female
9247.57281553398,29.027322404371585,female
5206.31067961165,18.0655737704918,female
5716.019417475729,20.94535519125683,female
8228.155339805824,15.030965391621129,female
8483.009708737864,15.030965391621129,female
11031.553398058251,19.335154826958107,female
5206.31067961165,28.748633879781423,female
145.63106796116517,26.333333333333332,female
5752.42718446602,27.38615664845173,female
4878.640776699029,17.663023679417122,female
36.40776699029084,25.34244080145719,female
1347.0873786407774,28.996357012750455,female
12487.864077669905,23.051001821493625,female
2584.9514563106804,29.615664845173043,female
5424.757281553399,29.987249544626593,female
5279.126213592233,23.26775956284153,female
5716.019417475729,21.00728597449909,female
5133.495145631068,29.151183970856103,female
800.9708737864075,31.411657559198545,female
13252.42718446602,21.81238615664845,female
8264.563106796117,26.02367941712204,female
1966.019417475729,28.500910746812387,female
72.81553398058168,30.29690346083789,female
7063.1067961165045,26.0856102003643,female
873.786407766991,23.546448087431692,female
10121.359223300971,27.01457194899818,female
7281.553398058252,29.182149362477233,female
5461.165048543689,28.067395264116577,female
9575.242718446603,24.13479052823315,female
12087.378640776698,22.338797814207652,female
5351.941747572815,20.635701275045538,female
9429.611650485436,30.11111111111111,female
7208.73786407767,29.151183970856103,female
5606.796116504855,26.85974499089253,female
8555.825242718447,17.3224043715847,female
5825.242718446601,21.719489981785063,female
691.7475728155332,30.26593806921676,female
10012.135922330095,26.92167577413479,female
9393.203883495144,30.11111111111111,female
7463.592233009709,25.06375227686703,female
10157.766990291262,19.05646630236794,female
1347.0873786407774,30.29690346083789,female
6735.436893203883,25.21857923497268,female
5461.165048543689,20.790528233151186,female
109.22330097087432,26.240437158469945,female
1055.825242718447,28.65573770491803,female
9138.349514563106,23.020036429872498,female
3786.407766990291,16.48633879781421,female
9029.126213592232,29.429872495446265,female
10339.805825242718,28.469945355191257,female
7609.223300970873,25.0327868852459,female
7135.922330097087,29.08925318761384,female
4478.155339805826,17.384335154826957,female
10594.660194174758,20.697632058287795,female
6699.0291262135925,15.247723132969035,female
11067.961165048544,19.304189435336976,female
10740.29126213592,27.169398907103822,female
6480.582524271844,29.925318761384336,female
14526.699029126214,16.517304189435336,female
14162.621359223302,17.012750455373407,female
10521.844660194176,29.863387978142075,female
5169.902912621359,29.429872495446265,female
9611.650485436894,29.615664845173043,female
7682.038834951456,31.4735883424408,female
5825.242718446601,28.872495446265937,female
7936.893203883496,23.205828779599273,female
4332.524271844661,16.82695810564663,female
7900.485436893204,25.0327868852459,female
5133.495145631068,29.73952641165756,female
11759.708737864075,28.779599271402553,female
2111.650485436894,31.287795992714024,female
5788.834951456311,17.3224043715847,female
9611.650485436894,26.178506375227684,female
3859.2233009708743,29.73952641165756,female
3567.961165048544,16.76502732240437,female
9830.09708737864,18.31329690346084,female
400.4854368932047,31.00910746812386,female
9283.980582524273,30.23497267759563,female
7645.631067961165,29.956284153005463,female
6589.805825242718,26.240437158469945,female
6953.883495145631,29.05828779599271,female
4660.194174757282,28.717668488160292,female
5497.57281553398,20.790528233151186,female
655.3398058252424,23.7632058287796,female
6480.582524271844,29.182149362477233,female
7317.961165048544,25.12568306010929,female
14089.805825242718,17.3224043715847,female
9356.796116504856,31.504553734061933,female
6080.097087378641,29.49180327868852,female
6480.582524271844,29.460837887067395,female
8628.640776699029,25.0327868852459,female
436.8932038834955,27.262295081967213,female
11868.932038834952,25.714025500910747,female
7281.553398058252,29.306010928961747,female
14563.106796116504,20.10928961748634,female
3859.2233009708743,23.453551912568308,female
10631.067961165048,20.728597449908925,female
3786.407766990291,26.0856102003643,female
1893.2038834951456,29.306010928961747,female
4769.417475728156,17.508196721311474,female
2111.650485436894,25.311475409836063,female
7354.368932038835,17.384335154826957,female
7026.699029126214,29.987249544626593,female
7208.73786407767,20.97632058287796,female
3677.1844660194183,17.105646630236794,female
10121.359223300971,29.398907103825135,female
10885.922330097088,30.049180327868857,female
5133.495145631068,20.357012750455375,female
8264.563106796117,25.99271402550091,female
9684.466019417476,31.504553734061933,female
509.7087378640772,23.91803278688525,female
8919.902912621359,15.371584699453551,female
582.5242718446607,31.4735883424408,female
327.6699029126212,24.35154826958106,female
8992.718446601943,16.981785063752277,female
11250.0,16.91985428051002,female
9101.941747572817,17.415300546448087,female
5351.941747572815,23.26775956284153,female
5242.718446601943,29.49180327868852,female
6881.0679611650485,17.415300546448087,female
5898.058252427185,15.92896174863388,female
7900.485436893204,29.73952641165756,female
7245.145631067961,29.275045537340617,female
5097.087378640777,23.329690346083787,female
8810.679611650485,15.897996357012753,female
8300.970873786408,31.504553734061933,female
2148.058252427185,30.51366120218579,female
5533.980582524271,22.24590163934426,female
873.786407766991,23.73224043715847,female
9211.16504854369,30.23497267759563,female
9320.388349514564,28.067395264116577,female
10521.844660194176,20.418943533697632,female
36.40776699029084,25.62112932604736,female
1201.4563106796122,30.823315118397083,female
7099.514563106796,29.429872495446265,female
6043.68932038835,15.619307832422589,female
11067.961165048544,19.335154826958107,female
6152.912621359223,26.95264116575592,female
7317.961165048544,28.996357012750455,female
8665.048543689321,16.548269581056466,female
9939.320388349515,31.13296903460838,female
1492.7184466019426,23.608378870673953,female
5679.611650485436,27.169398907103822,female
11140.776699029126,26.11657559198543,female
9320.388349514564,28.748633879781423,female
728.1553398058259,30.173041894353368,female
364.077669902912,29.6775956284153,female
8883.495145631068,25.06375227686703,female
12597.087378640776,17.446265938069217,female
10703.88349514563,27.262295081967213,female
7682.038834951456,26.45719489981785,female
1419.902912621359,23.670309653916213,female
3240.291262135923,17.012750455373407,female
1711.1650485436894,28.53187613843351,female
3495.1456310679605,29.83242258652095,female
9138.349514563106,29.120218579234972,female
7791.26213592233,26.612021857923494,female
5206.31067961165,19.1183970856102,female
5424.757281553399,22.958105646630237,female
5279.126213592233,29.73952641165756,female
2803.3980582524273,30.91621129326047,female
12633.495145631068,22.24590163934426,female
7973.300970873786,27.85063752276867,female
11177.184466019418,29.70856102003643,female
1820.3883495145635,28.438979963570127,female
7682.038834951456,17.3224043715847,female
8810.679611650485,15.836065573770492,female
7317.961165048544,29.182149362477233,female
9174.757281553397,26.11657559198543,female
400.4854368932047,29.460837887067395,female
10230.582524271846,26.45719489981785,female
218.44660194174685,26.704918032786885,female
2548.543689320388,28.53187613843351,female
11723.300970873786,28.717668488160292,female
10849.514563106795,28.005464480874316,female
6225.728155339806,25.46630236794171,female
11177.184466019418,16.91985428051002,female
3203.883495145632,16.672131147540984,female
2148.058252427185,30.66848816029144,female
4441.747572815533,17.415300546448087,female
3313.1067961165045,29.801457194899815,female
6990.291262135922,27.571948998178502,female
3313.1067961165045,17.260473588342442,female
10412.6213592233,19.55191256830601,female
364.077669902912,24.258652094717668,female
9283.980582524273,23.329690346083787,female
9538.83495145631,24.103825136612024,female
6371.359223300971,29.83242258652095,female
4587.378640776698,29.6775956284153,female
6043.68932038835,24.53734061930783,female
5242.718446601943,18.561020036429873,female
10412.6213592233,27.38615664845173,female
8810.679611650485,31.411657559198545,female
8373.786407766991,31.845173041894355,female
2548.543689320388,25.868852459016395,female
9320.388349514564,24.78506375227687,female
8701.456310679612,29.49180327868852,female
3458.7378640776697,23.453551912568308,female
9466.019417475727,28.779599271402553,female
11250.0,28.22222222222222,female
7645.631067961165,27.602914389799636,female
10157.766990291262,29.429872495446265,female
5169.902912621359,28.903460837887067,female
6007.281553398057,21.162112932604735,female
3932.038834951456,17.012750455373407,female
5898.058252427185,30.544626593806925,female
9902.912621359224,25.34244080145719,female
6516.990291262136,19.366120218579233,female
8701.456310679612,25.06375227686703,female
2148.058252427185,23.484517304189435,female
5533.980582524271,26.48816029143898,female
11868.932038834952,29.429872495446265,female
11832.52427184466,28.903460837887067,female
7645.631067961165,21.471766848816028,female
9356.796116504856,28.748633879781423,female
7135.922330097087,29.398907103825135,female
1929.6116504854365,29.275045537340617,female
8592.233009708738,29.213114754098363,female
2075.2427184466014,28.53187613843351,female
7864.077669902913,25.99271402550091,female
36.40776699029084,25.837887067395265,female
8628.640776699029,31.938069216757743,female
6116.504854368932,29.33697632058288,female
7172.330097087379,31.72131147540983,female
11031.553398058251,17.29143897996357,female
6662.621359223302,19.830601092896178,female
12997.57281553398,17.508196721311474,female
8847.087378640776,29.213114754098363,female
655.3398058252424,23.794171220400727,female
10266.990291262136,31.380692167577415,female
6407.766990291262,20.97632058287796,female
4077.669902912621,17.012750455373407,female
7427.184466019417,29.275045537340617,female
6771.844660194174,29.987249544626593,female
5315.533980582524,29.863387978142075,female
7463.592233009709,29.182149362477233,female
7172.330097087379,29.306010928961747,female
7172.330097087379,28.067395264116577,female
5242.718446601943,28.65573770491803,female
10266.990291262136,19.304189435336976,female
7682.038834951456,25.06375227686703,female
14417.47572815534,19.08743169398907,female
6262.135922330097,27.01457194899818,female
6881.0679611650485,26.735883424408016,female
8483.009708737864,22.153005464480874,female
6735.436893203883,31.163934426229503,female
11104.368932038837,28.500910746812387,female
2766.9902912621365,28.005464480874316,female
10958.73786407767,30.018214936247723,female
2876.213592233009,28.965391621129324,female
473.3009708737863,27.47905282331512,female
6990.291262135922,29.08925318761384,female
145.63106796116517,30.018214936247723,female
10376.213592233007,25.68306010928962,female
5024.271844660194,29.33697632058288,female
6735.436893203883,17.72495446265938,female
3640.7766990291257,17.3224043715847,female
9138.349514563106,28.996357012750455,female
8446.601941747573,17.29143897996357,female
14016.990291262136,21.131147540983605,female
509.7087378640772,30.606557377049175,female
3531.553398058253,17.260473588342442,female
8774.271844660194,16.02185792349727,female
4915.04854368932,29.460837887067395,female
2075.2427184466014,31.31876138433515,female
6225.728155339806,31.13296903460838,female
14199.029126213592,18.62295081967213,female
10376.213592233007,31.31876138433515,female
11905.339805825242,17.477231329690348,female
10303.398058252427,27.41712204007286,female
400.4854368932047,29.70856102003643,female
9502.42718446602,24.59927140255009,female
8082.52427184466,28.500910746812387,female
11759.708737864075,29.73952641165756,female
9429.611650485436,29.584699453551913,female
2002.42718446602,29.398907103825135,female
8701.456310679612,30.049180327868857,female
3750.0,23.484517304189435,female
9939.320388349515,31.4735883424408,female
12196.601941747573,25.435336976320585,female
946.6019417475728,28.562841530054644,female
8592.233009708738,17.260473588342442,female
8373.786407766991,27.8816029143898,female
2621.3592233009713,27.8816029143898,female
13944.174757281551,18.31329690346084,female
7754.854368932039,21.564663023679415,female
10740.29126213592,26.178506375227684,female
14927.184466019418,16.88888888888889,female
7936.893203883496,25.00182149362477,female
4550.9708737864075,17.446265938069217,female
6407.766990291262,17.601092896174862,female
5788.834951456311,21.038251366120218,female
4805.825242718447,16.579234972677597,female
2475.728155339806,28.37704918032787,female
6152.912621359223,17.415300546448087,female
5861.650485436894,27.540983606557376,female
1929.6116504854365,29.33697632058288,female
2876.213592233009,29.6775956284153,female
436.8932038834955,31.287795992714024,female
109.22330097087432,26.11657559198543,female
5606.796116504855,30.26593806921676,female
436.8932038834955,29.120218579234972,female
8956.310679611652,31.411657559198545,female
7390.776699029127,17.3224043715847,female
4660.194174757282,29.70856102003643,female
5242.718446601943,16.73406193078324,female
10594.660194174758,28.872495446265937,female
11978.155339805826,22.122040072859747,female
12560.679611650485,22.338797814207652,female
12961.16504854369,17.446265938069217,female
5643.203883495145,17.446265938069217,female
5024.271844660194,19.830601092896178,female
10521.844660194176,29.956284153005463,female
7099.514563106796,21.471766848816028,female
2330.097087378641,29.522768670309652,female
8082.52427184466,26.02367941712204,female
5206.31067961165,16.73406193078324,female
9648.058252427183,31.4735883424408,female
6152.912621359223,29.522768670309652,female
10849.514563106795,30.204007285974495,female
5533.980582524271,17.539162112932605,female
9174.757281553397,29.120218579234972,female
3385.922330097088,29.33697632058288,female
7682.038834951456,26.271402550091075,female
12269.417475728154,16.795992714025502,female
9356.796116504856,24.75409836065574,female
8919.902912621359,30.23497267759563,female
3859.2233009708743,17.16757741347905,female
11213.59223300971,21.471766848816028,female
6080.097087378641,26.42622950819672,female
14089.805825242718,18.530054644808743,female
9320.388349514564,23.391621129326047,female
3822.8155339805817,29.49180327868852,female
12997.57281553398,17.477231329690348,female
13288.83495145631,16.641165755919854,female
8919.902912621359,28.779599271402553,female
6444.174757281553,26.240437158469945,female
400.4854368932047,31.040072859744992,female
3640.7766990291257,29.801457194899815,female
5970.873786407767,17.3224043715847,female
7172.330097087379,30.327868852459016,female
7245.145631067961,27.602914389799636,female
3677.1844660194183,16.85792349726776,female
2621.3592233009713,30.11111111111111,female
5206.31067961165,18.932604735883423,female
655.3398058252424,30.327868852459016,female
72.81553398058168,25.930783242258652,female
6881.0679611650485,27.72677595628415,female
6407.766990291262,21.00728597449909,female
7645.631067961165,30.23497267759563,female
7936.893203883496,28.500910746812387,female
7682.038834951456,25.0327868852459,female
582.5242718446607,28.098360655737704,female
11031.553398058251,21.255009107468123,female
14344.660194174758,17.260473588342442,female
11868.932038834952,18.499089253187613,female
1274.271844660194,30.885245901639344,female
4951.456310679612,16.610200364298723,female
7135.922330097087,31.72131147540983,female
2985.4368932038833,26.147540983606557,female
5898.058252427185,16.73406193078324,female
12742.718446601944,24.103825136612024,female
5279.126213592233,18.530054644808743,female
9356.796116504856,27.8816029143898,female
7900.485436893204,23.143897996357012,female
436.8932038834955,29.151183970856103,female
10412.6213592233,20.140255009107467,female
7682.038834951456,29.306010928961747,female
436.8932038834955,28.53187613843351,female
6334.95145631068,18.0655737704918,female
7936.893203883496,23.051001821493625,female
218.44660194174685,24.63023679417122,female
6480.582524271844,21.50273224043716,female
10303.398058252427,26.51912568306011,female
7864.077669902913,28.53187613843351,female
9211.16504854369,23.143897996357012,female
9939.320388349515,28.160291438979964,female
4733.009708737864,29.460837887067395,female
9757.281553398056,30.049180327868857,female
11286.40776699029,17.570127504553735,female
2766.9902912621365,23.422586520947178,female
10776.699029126214,30.204007285974495,female
8919.902912621359,28.81056466302368,female
14635.922330097088,16.517304189435336,female
5024.271844660194,29.770491803278688,female
8992.718446601943,31.411657559198545,female
2621.3592233009713,29.615664845173043,female
11905.339805825242,29.49180327868852,female
5861.650485436894,27.602914389799636,female
10412.6213592233,28.53187613843351,female
9611.650485436894,24.56830601092896,female
1347.0873786407774,30.358834244080143,female
72.81553398058168,30.327868852459016,female
7682.038834951456,17.35336976320583,female
6953.883495145631,28.68670309653916,female
6116.504854368932,25.52823315118397,female
4660.194174757282,28.6247723132969,female
6189.320388349515,26.333333333333332,female
5133.495145631068,19.58287795992714,female
7099.514563106796,15.154826958105646,female
10667.47572815534,25.961748633879782,female
11832.52427184466,18.68488160291439,female
4259.708737864077,17.384335154826957,female
9356.796116504856,27.75774134790528,female
5461.165048543689,22.555555555555557,female
5242.718446601943,18.839708561020036,female
8774.271844660194,22.46265938069217,female
8919.902912621359,27.72677595628415,female
6771.844660194174,20.387978142076506,female
36.40776699029084,25.714025500910747,female
9720.873786407768,31.504553734061933,female
7500.0,28.748633879781423,female
7245.145631067961,15.123861566484518,female
10995.14563106796,28.28415300546448,female
8774.271844660194,26.209471766848814,female
9902.912621359224,29.33697632058288,female
7682.038834951456,26.364298724954462,female
10121.359223300971,31.442622950819672,female
8009.708737864078,25.0327868852459,female
72.81553398058168,25.868852459016395,female
218.44660194174685,24.661202185792348,female
5133.495145631068,26.178506375227684,female
8628.640776699029,29.429872495446265,female
1529.1262135922334,31.690346083788707,female
10121.359223300971,27.04553734061931,female
5861.650485436894,28.779599271402553,female
2220.8737864077666,28.593806921675775,female
2766.9902912621365,30.66848816029144,female
9283.980582524273,17.693989071038253,female
1201.4563106796122,30.761384335154823,female
12014.563106796117,22.153005464480874,female
8483.009708737864,22.21493624772313,female
12451.456310679612,22.493624772313296,female
2694.174757281553,23.453551912568308,female
8118.932038834952,25.99271402550091,female
9866.504854368932,30.29690346083789,female
10303.398058252427,28.34608378870674,female
5388.349514563106,23.205828779599273,female
9866.504854368932,29.49180327868852,female
5242.718446601943,18.87067395264117,female
6080.097087378641,21.37887067395264,female
9065.533980582524,26.0856102003643,female
10121.359223300971,28.005464480874316,female
7936.893203883496,17.477231329690348,female
11213.59223300971,29.05828779599271,female
8919.902912621359,31.783242258652095,female
5497.57281553398,28.098360655737704,female
5716.019417475729,20.97632058287796,female
3422.330097087379,23.484517304189435,female
9211.16504854369,17.601092896174862,female
9065.533980582524,27.47905282331512,female
2075.2427184466014,31.380692167577415,female
7572.815533980583,27.602914389799636,female
6480.582524271844,19.08743169398907,female
9029.126213592232,28.748633879781423,female
364.077669902912,27.200364298724953,female
2475.728155339806,25.806921675774134,female
12742.718446601944,24.56830601092896,female
5898.058252427185,27.29326047358834,female
13106.796116504856,16.548269581056466,female
9866.504854368932,30.018214936247723,female
8919.902912621359,30.204007285974495,female
7791.26213592233,30.23497267759563,female
9502.42718446602,30.080145719489984,female
5970.873786407767,16.82695810564663,female
14526.699029126214,20.264116575591984,female
6407.766990291262,30.947176684881605,female
6189.320388349515,30.204007285974495,female
5643.203883495145,26.147540983606557,female
5533.980582524271,26.704918032786885,female
1165.0485436893196,28.779599271402553,female
6080.097087378641,17.136612021857925,female
9429.611650485436,23.70127504553734,female
7317.961165048544,29.306010928961747,female
10521.844660194176,25.837887067395265,female
9830.09708737864,26.828779599271403,female
5788.834951456311,28.841530054644807,female
72.81553398058168,30.606557377049175,female
7099.514563106796,28.965391621129324,female
7718.446601941748,21.595628415300546,female
11468.446601941749,28.315118397085612,female
13834.95145631068,17.508196721311474,female
546.116504854368,23.948998178506372,female
6189.320388349515,15.526411657559198,female
10667.47572815534,27.72677595628415,female
7427.184466019417,31.380692167577415,female
400.4854368932047,27.138433515482696,female
11468.446601941749,19.1183970856102,female
11686.893203883496,25.837887067395265,female
13725.728155339806,17.817850637522767,female
7135.922330097087,31.907103825136613,female
2111.650485436894,31.13296903460838,female
9830.09708737864,18.3752276867031,female
4842.233009708738,23.422586520947178,female
8628.640776699029,26.612021857923494,female
6953.883495145631,25.18761384335155,female
11067.961165048544,17.415300546448087,female
7026.699029126214,30.327868852459016,female
9101.941747572817,29.151183970856103,female
10012.135922330095,18.68488160291439,female
6881.0679611650485,29.429872495446265,female
6225.728155339806,24.69216757741348,female
6808.252427184466,21.4408014571949,female
9538.83495145631,24.258652094717668,female
6844.660194174758,25.18761384335155,female
8701.456310679612,31.96903460837887,female
2293.68932038835,31.07103825136612,female
11759.708737864075,25.775956284153004,female
7390.776699029127,27.72677595628415,female
11541.26213592233,29.460837887067395,female
582.5242718446607,23.856102003642988,female
7172.330097087379,26.642987249544625,female
7317.961165048544,31.690346083788707,female
10303.398058252427,26.642987249544625,female
7463.592233009709,27.72677595628415,female
2111.650485436894,31.256830601092897,female
400.4854368932047,27.200364298724953,female
5424.757281553399,22.741347905282332,female
5533.980582524271,26.45719489981785,female
8810.679611650485,22.586520947176684,female
5097.087378640777,17.910746812386158,female
2621.3592233009713,27.107468123861565,female
5788.834951456311,27.664845173041893,female
36.40776699029084,30.57559198542805,female
9866.504854368932,31.4735883424408,female
8046.116504854369,17.105646630236794,female
7973.300970873786,28.500910746812387,female
0.0,30.358834244080143,female
12633.495145631068,24.846994535519123,female
5169.902912621359,29.367941712204008,female
8956.310679611652,28.779599271402553,female
11796.11650485437,28.841530054644807,female
11359.223300970874,29.33697632058288,female
13070.388349514564,17.508196721311474,female
9611.650485436894,26.735883424408016,female
7390.776699029127,29.213114754098363,female
1565.5339805825242,23.453551912568308,female
3786.407766990291,17.3224043715847,female
5934.466019417476,16.30054644808743,female
8956.310679611652,25.09471766848816,female
10084.95145631068,18.839708561020036,female
6116.504854368932,27.169398907103822,female
9939.320388349515,30.947176684881605,female
9975.728155339806,29.987249544626593,female
473.3009708737863,28.438979963570127,female
11504.85436893204,17.879781420765028,female
11759.708737864075,18.003642987249545,female
2111.650485436894,30.854280510018217,female
11031.553398058251,16.981785063752277,female
7572.815533980583,15.06193078324226,female
5351.941747572815,28.25318761384335,female
5461.165048543689,28.160291438979964,female
8191.747572815534,15.030965391621129,female
8810.679611650485,29.398907103825135,female
8592.233009708738,17.229508196721312,female
5606.796116504855,27.076502732240435,female
1747.5728155339802,28.438979963570127,female
473.3009708737863,31.411657559198545,female
7900.485436893204,22.772313296903462,female
5497.57281553398,22.24590163934426,female
8847.087378640776,28.12932604735883,female
4769.417475728156,26.11657559198543,female
6808.252427184466,26.0856102003643,female
837.3786407766984,23.51548269581056,female
10121.359223300971,25.435336976320585,female
10266.990291262136,26.55009107468124,female
5169.902912621359,20.44990892531876,female
6953.883495145631,17.415300546448087,female
6516.990291262136,19.459016393442624,female
2075.2427184466014,31.194899817850636,female
13143.203883495144,16.91985428051002,female
2439.3203883495153,23.453551912568308,female
8774.271844660194,22.524590163934427,female
9830.09708737864,31.504553734061933,female
2184.466019417476,29.429872495446265,female
2730.582524271844,30.544626593806925,female
3859.2233009708743,16.950819672131146,female
1310.6796116504847,31.411657559198545,female
11868.932038834952,29.027322404371585,female
9393.203883495144,31.504553734061933,female
6116.504854368932,27.200364298724953,female
7317.961165048544,21.50273224043716,female
8737.864077669903,16.238615664845174,female
400.4854368932047,29.182149362477233,female
11359.223300970874,25.99271402550091,female
5825.242718446601,29.83242258652095,female
7682.038834951456,29.213114754098363,female
1019.4174757281562,31.225865209471767,female
7827.669902912621,29.801457194899815,female
8118.932038834952,26.02367941712204,female
11140.776699029126,29.553734061930783,female
7827.669902912621,29.83242258652095,female
109.22330097087432,30.049180327868857,female
254.8543689320395,24.475409836065573,female
6262.135922330097,17.75591985428051,female
5898.058252427185,21.595628415300546,female
9320.388349514564,29.24408014571949,female
8737.864077669903,15.650273224043715,female
2111.650485436894,31.163934426229503,female
6516.990291262136,28.9344262295082,female
473.3009708737863,31.380692167577415,female
6225.728155339806,29.6775956284153,female
11432.038834951456,25.99271402550091,female
36.40776699029084,25.52823315118397,female
6225.728155339806,17.72495446265938,female
8300.970873786408,28.37704918032787,female
873.786407766991,23.577413479052822,female
9393.203883495144,29.151183970856103,female
9939.320388349515,18.530054644808743,female
4368.9320388349515,16.85792349726776,female
9975.728155339806,29.522768670309652,female
218.44660194174685,24.69216757741348,female
14199.029126213592,18.591985428051004,female
7718.446601941748,15.0,female
8628.640776699029,29.08925318761384,female
6735.436893203883,25.280510018214933,female
7135.922330097087,20.88342440801457,female
14563.106796116504,20.264116575591984,female
837.3786407766984,23.577413479052822,female
6225.728155339806,27.943533697632056,female
9538.83495145631,31.225865209471767,female
509.7087378640772,23.979963570127502,female
12050.970873786408,17.012750455373407,female
8883.495145631068,26.612021857923494,female
5097.087378640777,19.459016393442624,female
72.81553398058168,25.62112932604736,female
7172.330097087379,25.12568306010929,female
618.9320388349515,30.420765027322403,female
983.0097087378635,23.70127504553734,female
9101.941747572817,30.23497267759563,female
8373.786407766991,29.70856102003643,female
11504.85436893204,17.848816029143897,female
11213.59223300971,26.05464480874317,female
5898.058252427185,16.30054644808743,female
7317.961165048544,31.752276867030965,female
11614.077669902912,21.81238615664845,female
8810.679611650485,28.098360655737704,female
36.40776699029084,25.373406193078324,female
7026.699029126214,27.510018214936245,female
10266.990291262136,26.828779599271403,female
1711.1650485436894,28.9344262295082,female
1674.7572815533986,28.996357012750455,female
254.8543689320395,28.81056466302368,female
5242.718446601943,17.632058287795992,female
9575.242718446603,26.735883424408016,female
8701.456310679612,28.9344262295082,female
2621.3592233009713,26.98360655737705,female
5752.42718446602,29.33697632058288,female
11905.339805825242,29.398907103825135,female
11468.446601941749,29.398907103825135,female
3822.8155339805817,16.950819672131146,female
10303.398058252427,19.737704918032787,female
3895.631067961165,17.16757741347905,female
6480.582524271844,29.151183970856103,female
10230.582524271846,28.315118397085612,female
5424.757281553399,23.236794171220403,female
509.7087378640772,27.633879781420767,female
7682.038834951456,21.53369763205829,female
6917.47572815534,28.65573770491803,female
436.8932038834955,30.978142076502735,female
5169.902912621359,19.335154826958107,female
5679.611650485436,27.262295081967213,female
5679.611650485436,23.979963570127502,female
8082.52427184466,21.84335154826958,female
7354.368932038835,25.06375227686703,female
9611.650485436894,30.29690346083789,female
327.6699029126212,28.65573770491803,female
13798.543689320388,17.570127504553735,female
509.7087378640772,30.7304189435337,female
10194.174757281551,29.73952641165756,female
7208.73786407767,29.306010928961747,female
4332.524271844661,26.11657559198543,female
7208.73786407767,26.642987249544625,female
6371.359223300971,24.816029143898,female
6444.174757281553,29.05828779599271,female
14016.990291262136,17.136612021857925,female
11905.339805825242,22.122040072859747,female
9320.388349514564,24.72313296903461,female
4150.485436893205,17.35336976320583,female
8737.864077669903,26.55009107468124,female
9830.09708737864,25.311475409836063,female
5898.058252427185,29.925318761384336,female
218.44660194174685,29.863387978142075,female
10266.990291262136,19.397085610200364,female
3240.291262135923,16.703096539162114,female
36.40776699029084,25.868852459016395,female
12633.495145631068,22.338797814207652,female
8737.864077669903,28.9344262295082,female
7281.553398058252,29.05828779599271,female
14344.660194174758,20.759562841530055,female
11322.815533980582,29.73952641165756,female
4150.485436893205,23.484517304189435,female
5752.42718446602,29.05828779599271,female
14162.621359223302,16.517304189435336,female
7026.699029126214,21.4408014571949,female
8592.233009708738,29.33697632058288,female
9684.466019417476,28.9344262295082,female
4441.747572815533,16.88888888888889,female
764.5631067961167,23.546448087431692,female
4550.9708737864075,29.027322404371585,female
5970.873786407767,15.805100182149362,female
218.44660194174685,28.81056466302368,female
12779.126213592232,22.122040072859747,female
3385.922330097088,29.306010928961747,female
6662.621359223302,26.147540983606557,female
1856.7961165048544,31.72131147540983,female
6444.174757281553,24.908925318761383,female
7208.73786407767,31.690346083788707,female
5716.019417475729,17.384335154826957,female
291.26213592233034,28.81056466302368,female
8628.640776699029,29.275045537340617,female
10667.47572815534,19.459016393442624,female
11577.66990291262,21.719489981785063,female
254.8543689320395,30.792349726775956,female
12524.271844660194,23.174863387978142,female
13070.388349514564,16.981785063752277,female
2657.766990291262,23.453551912568308,female
5825.242718446601,27.510018214936245,female
2439.3203883495153,28.562841530054644,female
14308.252427184469,16.48633879781421,female
5788.834951456311,29.027322404371585,female
1055.825242718447,31.225865209471767,female
9575.242718446603,30.080145719489984,female
10303.398058252427,25.59016393442623,female
9138.349514563106,29.275045537340617,female
2912.6213592233016,23.422586520947178,female
9902.912621359224,30.018214936247723,female
436.8932038834955,29.08925318761384,female
9101.941747572817,28.748633879781423,female
2694.174757281553,28.717668488160292,female
2657.766990291262,28.65573770491803,female
7245.145631067961,27.448087431693992,female
3240.291262135923,16.641165755919854,female
6626.213592233009,25.0327868852459,female
14563.106796116504,17.105646630236794,female
800.9708737864075,30.11111111111111,female
7864.077669902913,31.4735883424408,female
6917.47572815534,20.48087431693989,female
509.7087378640772,24.041894353369763,female
10266.990291262136,27.138433515482696,female
9029.126213592232,31.752276867030965,female
7936.893203883496,23.08196721311475,female
9866.504854368932,29.33697632058288,female
6589.805825242718,31.53551912568306,female
109.22330097087432,25.09471766848816,female
11577.66990291262,19.025500910746818,female
8919.902912621359,27.510018214936245,female
7026.699029126214,27.540983606557376,female
436.8932038834955,29.027322404371585,female
546.116504854368,28.22222222222222,female
7172.330097087379,29.429872495446265,female
7609.223300970873,32.0,female
8155.339805825242,26.58105646630237,female
10303.398058252427,29.398907103825135,female
2584.9514563106804,29.89435336976321,female
8483.009708737864,31.4735883424408,female
8483.009708737864,31.504553734061933,female
7645.631067961165,26.240437158469945,female
12524.271844660194,22.36976320582878,female
10594.660194174758,25.930783242258652,female
2839.805825242718,31.13296903460838,female
6553.398058252427,26.178506375227684,female
11031.553398058251,29.89435336976321,female
1201.4563106796122,30.792349726775956,female
11941.747572815531,25.65209471766849,female
3385.922330097088,16.610200364298723,female
1310.6796116504847,31.256830601092897,female
8410.194174757282,26.02367941712204,female
2439.3203883495153,25.68306010928962,female
10958.73786407767,29.987249544626593,female
7063.1067961165045,28.067395264116577,female
10266.990291262136,30.761384335154823,female
10485.436893203883,20.357012750455375,female
8118.932038834952,17.043715846994537,female
14381.067961165048,16.82695810564663,female
5133.495145631068,18.003642987249545,female
2548.543689320388,25.930783242258652,female
5206.31067961165,18.591985428051004,female
6043.68932038835,26.673952641165755,female
11250.0,28.841530054644807,female
12160.194174757282,25.49726775956284,female
509.7087378640772,30.66848816029144,female
14817.961165048544,16.981785063752277,female
3786.407766990291,29.73952641165756,female
7317.961165048544,28.067395264116577,female
8665.048543689321,22.36976320582878,female
7281.553398058252,21.00728597449909,female
13798.543689320388,17.229508196721312,female
9065.533980582524,22.927140255009107,female
254.8543689320395,29.83242258652095,female
3786.407766990291,23.453551912568308,female
2330.097087378641,23.453551912568308,female
7245.145631067961,27.664845173041893,female
6699.0291262135925,26.735883424408016,female
1019.4174757281562,31.194899817850636,female
11395.631067961163,29.801457194899815,female
10303.398058252427,29.49180327868852,female
3495.1456310679605,16.579234972677597,female
9793.689320388348,18.31329690346084,female
10813.106796116504,26.98360655737705,female
2949.0291262135925,26.147540983606557,female
910.194174757282,31.380692167577415,female
400.4854368932047,30.947176684881605,female
7172.330097087379,29.213114754098363,female
2111.650485436894,28.562841530054644,female
5752.42718446602,29.460837887067395,female
10922.33009708738,28.12932604735883,female
800.9708737864075,28.717668488160292,female
4077.669902912621,16.45537340619308,female
473.3009708737863,28.37704918032787,female
2657.766990291262,26.302367941712205,male
11104.368932038837,26.11657559198543,male
2949.0291262135925,29.70856102003643,male
11322.815533980582,16.91985428051002,male
7317.961165048544,28.68670309653916,male
10521.844660194176,30.544626593806925,male
9684.466019417476,26.704918032786885,male
6516.990291262136,15.309653916211293,male
6152.912621359223,26.42622950819672,male
6334.95145631068,26.271402550091075,male
8919.902912621359,29.306010928961747,male
7572.815533980583,29.987249544626593,male
5060.679611650485,29.801457194899815,male
13798.543689320388,18.0655737704918,male
8446.601941747573,22.183970856102004,male
4696.601941747573,28.6247723132969,male
8956.310679611652,28.748633879781423,male
6589.805825242718,21.4408014571949,male
9866.504854368932,29.182149362477233,male
7682.038834951456,21.50273224043716,male
8919.902912621359,30.11111111111111,male
12305.825242718449,22.617486338797814,male
9393.203883495144,31.4735883424408,male
9174.757281553397,29.275045537340617,male
6225.728155339806,17.508196721311474,male
6990.291262135922,17.384335154826957,male
5133.495145631068,19.24225865209472,male
8009.708737864078,27.8816029143898,male
5424.757281553399,22.493624772313296,male
9283.980582524273,25.12568306010929,male
14817.961165048544,16.579234972677597,male
6626.213592233009,26.48816029143898,male
11432.038834951456,21.595628415300546,male
9247.57281553398,23.205828779599273,male
8883.495145631068,28.81056466302368,male
5716.019417475729,29.398907103825135,male
10230.582524271846,26.42622950819672,male
5752.42718446602,27.3551912568306,male
10449.029126213592,29.956284153005463,male
2366.504854368932,25.5591985428051,male
6189.320388349515,30.854280510018217,male
10376.213592233007,27.3551912568306,male
7645.631067961165,29.367941712204008,male
7135.922330097087,29.182149362477233,male
6699.0291262135925,26.147540983606557,male
6735.436893203883,28.779599271402553,male
13398.058252427183,16.517304189435336,male
5279.126213592233,16.703096539162114,male
4186.8932038834955,17.384335154826957,male
14563.106796116504,20.07832422586521,male
2694.174757281553,31.411657559198545,male
8701.456310679612,16.2695810564663,male
7645.631067961165,29.213114754098363,male
3640.7766990291257,17.29143897996357,male
1274.271844660194,31.040072859744992,male
1638.349514563106,28.6247723132969,male
10703.88349514563,30.29690346083789,male
8956.310679611652,31.814207650273225,male
9393.203883495144,29.182149362477233,male
7390.776699029127,31.380692167577415,male
6771.844660194174,25.09471766848816,male
7900.485436893204,17.539162112932605,male
7063.1067961165045,28.6247723132969,male
11941.747572815531,17.477231329690348,male
10084.95145631068,30.91621129326047,male
2512.135922330097,25.837887067395265,male
8337.3786407767,27.91256830601093,male
6699.0291262135925,25.09471766848816,male
6516.990291262136,26.178506375227684,male
8009.708737864078,28.500910746812387,male
7718.446601941748,21.53369763205829,male
2439.3203883495153,28.315118397085612,male
11140.776699029126,28.53187613843351,male
5716.019417475729,27.29326047358834,male
8774.271844660194,16.052823315118395,male
2621.3592233009713,29.584699453551913,male
6844.660194174758,29.987249544626593,male
14526.699029126214,19.55191256830601,male
9939.320388349515,18.561020036429873,male
7208.73786407767,29.987249544626593,male
2839.805825242718,26.209471766848814,male
8373.786407766991,22.06010928961749,male
14490.291262135925,19.428051001821498,male
7135.922330097087,29.24408014571949,male
10558.252427184469,20.604735883424407,male
14526.699029126214,19.428051001821498,male
9902.912621359224,29.584699453551913,male
8665.048543689321,15.092896174863387,male
9283.980582524273,28.067395264116577,male
4805.825242718447,29.770491803278688,male
5606.796116504855,26.89071038251366,male
11832.52427184466,29.027322404371585,male
5970.873786407767,15.897996357012753,male
6189.320388349515,26.98360655737705,male
12888.349514563106,22.122040072859747,male
7463.592233009709,31.752276867030965,male
1966.019417475729,31.53551912568306,male
5716.019417475729,24.041894353369763,male
5133.495145631068,28.903460837887067,male
9101.941747572817,31.380692167577415,male
13762.135922330095,17.941712204007285,male
873.786407766991,23.51548269581056,male
14271.844660194174,16.88888888888889,male
10667.47572815534,29.367941712204008,male
6189.320388349515,21.224043715846996,male
9174.757281553397,29.33697632058288,male
5716.019417475729,29.646630236794177,male
13616.504854368932,16.48633879781421,male
9830.09708737864,31.040072859744992,male
7718.446601941748,17.446265938069217,male
6334.95145631068,31.442622950819672,male
9538.83495145631,17.972677595628415,male
9720.873786407768,26.395264116575593,male
4915.04854368932,29.398907103825135,male
3094.6601941747576,29.120218579234972,male
7317.961165048544,28.65573770491803,male
7427.184466019417,29.24408014571949,male
9648.058252427183,26.673952641165755,male
4769.417475728156,17.477231329690348,male
9065.533980582524,25.12568306010929,male
7099.514563106796,29.987249544626593,male
6152.912621359223,21.255009107468123,male
8737.864077669903,31.442622950819672,male
7281.553398058252,29.08925318761384,male
10048.543689320388,18.71584699453552,male
8665.048543689321,15.06193078324226,male
2548.543689320388,27.448087431693992,male
10230.582524271846,30.792349726775956,male
4259.708737864077,23.453551912568308,male
11759.708737864075,18.839708561020036,male
5424.757281553399,16.76502732240437,male
12087.378640776698,22.27686703096539,male
14235.436893203883,18.74681238615665,male
5169.902912621359,29.120218579234972,male
7864.077669902913,21.719489981785063,male
10631.067961165048,29.05828779599271,male
9029.126213592232,17.012750455373407,male
9975.728155339806,26.271402550091075,male
9320.388349514564,29.460837887067395,male
9029.126213592232,15.681238615664846,male
8665.048543689321,29.429872495446265,male
4878.640776699029,26.147540983606557,male
10776.699029126214,19.459016393442624,male
12415.04854368932,16.672131147540984,male
2402.9126213592226,31.256830601092897,male
6953.883495145631,31.690346083788707,male
6444.174757281553,29.33697632058288,male
8665.048543689321,27.664845173041893,male
3313.1067961165045,17.229508196721312,male
12742.718446601944,23.825136612021858,male
2111.650485436894,30.947176684881605,male
9247.57281553398,23.29872495446266,male
2803.3980582524273,31.349726775956285,male
12633.495145631068,24.75409836065574,male
2839.805825242718,23.453551912568308,male
10121.359223300971,18.932604735883423,male
5825.242718446601,28.841530054644807,male
11432.038834951456,29.801457194899815,male
12451.456310679612,25.18761384335155,male
2402.9126213592226,23.484517304189435,male
11104.368932038837,26.147540983606557,male
10776.699029126214,26.98360655737705,male
9174.757281553397,31.56648451730419,male
5461.165048543689,23.453551912568308,male
14381.067961165048,16.76502732240437,male
10922.33009708738,30.080145719489984,male
2148.058252427185,30.854280510018217,male
14381.067961165048,17.260473588342442,male
8701.456310679612,15.588342440801457,male
5024.271844660194,28.25318761384335,male
5133.495145631068,26.209471766848814,male
7900.485436893204,21.750455373406194,male
3349.5145631067953,26.11657559198543,male
6589.805825242718,19.58287795992714,male
2512.135922330097,31.411657559198545,male
5388.349514563106,20.666666666666664,male
9101.941747572817,29.120218579234972,male
10376.213592233007,28.469945355191257,male
6371.359223300971,21.471766848816028,male
9174.757281553397,29.08925318761384,male
10703.88349514563,26.05464480874317,male
10084.95145631068,26.333333333333332,male
10449.029126213592,25.74499089253187,male
8956.310679611652,29.24408014571949,male
9975.728155339806,29.925318761384336,male
10230.582524271846,27.29326047358834,male
10266.990291262136,26.89071038251366,male
7864.077669902913,28.34608378870674,male
5606.796116504855,26.364298724954462,male
9320.388349514564,28.717668488160292,male
9211.16504854369,28.12932604735883,male
9283.980582524273,23.422586520947178,male
5970.873786407767,16.795992714025502,male
10012.135922330095,31.194899817850636,male
1711.1650485436894,28.965391621129324,male
2293.68932038835,29.522768670309652,male
8810.679611650485,16.981785063752277,male
5424.757281553399,22.555555555555557,male
3167.4757281553393,29.770491803278688,male
7135.922330097087,15.123861566484518,male
2257.2815533980574,28.28415300546448,male
2839.805825242718,28.872495446265937,male
7390.776699029127,29.367941712204008,male
3713.592233009709,16.88888888888889,male
10230.582524271846,19.304189435336976,male
9757.281553398056,18.31329690346084,male
11140.776699029126,21.34790528233151,male
10339.805825242718,19.737704918032787,male
4769.417475728156,16.950819672131146,male
7135.922330097087,29.429872495446265,male
6480.582524271844,31.00910746812386,male
5169.902912621359,17.663023679417122,male
5351.941747572815,29.83242258652095,male
2366.504854368932,28.593806921675775,male
9757.281553398056,26.828779599271403,male
5169.902912621359,19.18032786885246,male
1274.271844660194,30.69945355191257,male
6662.621359223302,15.216757741347903,male
9283.980582524273,29.367941712204008,male
8665.048543689321,16.39344262295082,male
13288.83495145631,16.517304189435336,male
14162.621359223302,20.97632058287796,male
9575.242718446603,24.35154826958106,male
5206.31067961165,18.963570127504553,male
2657.766990291262,28.6247723132969,male
6589.805825242718,29.956284153005463,male
10084.95145631068,28.12932604735883,male
9029.126213592232,15.588342440801457,male
6334.95145631068,29.83242258652095,male
13725.728155339806,17.75591985428051,male
7135.922330097087,29.213114754098363,male
8483.009708737864,17.35336976320583,male
10485.436893203883,30.544626593806925,male
2730.582524271844,29.646630236794177,male
7099.514563106796,28.6247723132969,male
9174.757281553397,30.11111111111111,male
6407.766990291262,19.05646630236794,male
9393.203883495144,23.546448087431692,male
10412.6213592233,27.695810564663024,male
2439.3203883495153,23.484517304189435,male
12378.640776699029,22.555555555555557,male
4733.009708737864,23.422586520947178,male
10594.660194174758,20.635701275045538,male
6116.504854368932,26.395264116575593,male
7936.893203883496,23.174863387978142,male
6116.504854368932,15.588342440801457,male
2876.213592233009,29.646630236794177,male
5424.757281553399,23.329690346083787,male
9174.757281553397,23.11293260473588,male
10194.174757281551,26.89071038251366,male
10084.95145631068,30.854280510018217,male
2621.3592233009713,26.95264116575592,male
11796.11650485437,29.615664845173043,male
5242.718446601943,17.663023679417122,male
8737.864077669903,28.903460837887067,male
2548.543689320388,27.633879781420767,male
6298.543689320388,26.98360655737705,male
6225.728155339806,27.41712204007286,male
8155.339805825242,25.99271402550091,male
11322.815533980582,28.25318761384335,male
10485.436893203883,27.29326047358834,male
13033.980582524273,17.477231329690348,male
5643.203883495145,17.539162112932605,male
7099.514563106796,20.697632058287795,male
8628.640776699029,16.517304189435336,male
6189.320388349515,17.415300546448087,male
14599.514563106795,17.074681238615664,male
6844.660194174758,25.15664845173042,male
12342.233009708738,16.73406193078324,male
4842.233009708738,17.539162112932605,male
5934.466019417476,21.65755919854281,male
509.7087378640772,28.9344262295082,male
12415.04854368932,22.86520947176685,male
1383.4951456310682,30.29690346083789,male
8847.087378640776,26.642987249544625,male
6080.097087378641,21.34790528233151,male
7827.669902912621,15.0,male
7026.699029126214,31.256830601092897,male
9939.320388349515,29.584699453551913,male
7827.669902912621,29.863387978142075,male
4514.563106796117,29.33697632058288,male
6480.582524271844,29.522768670309652,male
11140.776699029126,16.981785063752277,male
6152.912621359223,15.49544626593807,male
5679.611650485436,27.78870673952641,male
8956.310679611652,22.772313296903462,male
5424.757281553399,17.539162112932605,male
8919.902912621359,22.7103825136612,male
6771.844660194174,20.07832422586521,male
7317.961165048544,29.08925318761384,male
6480.582524271844,19.21129326047359,male
14563.106796116504,17.136612021857925,male
2766.9902912621365,26.178506375227684,male
5752.42718446602,29.553734061930783,male
14016.990291262136,17.384335154826957,male
4114.077669902912,26.0856102003643,male
13689.320388349515,17.848816029143897,male
6626.213592233009,15.216757741347903,male
10230.582524271846,31.287795992714024,male
4514.563106796117,29.553734061930783,male
6990.291262135922,29.367941712204008,male
10266.990291262136,25.59016393442623,male
6917.47572815534,20.418943533697632,male
6735.436893203883,15.185792349726777,male
11614.077669902912,28.53187613843351,male
9101.941747572817,27.47905282331512,male
6444.174757281553,21.00728597449909,male
3567.961165048544,23.453551912568308,male
5752.42718446602,29.182149362477233,male
6626.213592233009,26.797814207650273,male
4587.378640776698,16.91985428051002,male
8300.970873786408,31.845173041894355,male
14271.844660194174,20.852459016393443,male
12924.7572815534,17.415300546448087,male
1966.019417475729,31.628415300546447,male
3422.330097087379,29.801457194899815,male
9029.126213592232,25.12568306010929,male
10194.174757281551,27.138433515482696,male
8592.233009708738,26.05464480874317,male
9830.09708737864,29.027322404371585,male
8956.310679611652,29.460837887067395,male
10594.660194174758,29.6775956284153,male
5060.679611650485,17.632058287795992,male
5679.611650485436,30.327868852459016,male
12196.601941747573,22.431693989071036,male
2621.3592233009713,30.018214936247723,male
8300.970873786408,26.58105646630237,male
10230.582524271846,19.18032786885246,male
8665.048543689321,17.136612021857925,male
11868.932038834952,17.508196721311474,male
2766.9902912621365,28.748633879781423,male
5679.611650485436,17.446265938069217,male
5643.203883495145,20.9143897996357,male
9138.349514563106,30.26593806921676,male
4951.456310679612,17.72495446265938,male
11468.446601941749,17.910746812386158,male
7682.038834951456,26.58105646630237,male
4368.9320388349515,23.484517304189435,male
12742.718446601944,24.2896174863388,male
11067.961165048544,17.260473588342442,male
9138.349514563106,23.051001821493625,male
11650.485436893205,28.562841530054644,male
14708.73786407767,16.548269581056466,male
7827.669902912621,17.539162112932605,male
12742.718446601944,24.53734061930783,male
5825.242718446601,27.448087431693992,male
5934.466019417476,15.86703096539162,male
12487.864077669905,25.06375227686703,male
12233.009708737864,17.446265938069217,male
3822.8155339805817,29.770491803278688,male
9902.912621359224,28.12932604735883,male
1456.31067961165,23.639344262295083,male
3094.6601941747576,26.147540983606557,male
8300.970873786408,15.0,male
10776.699029126214,20.97632058287796,male
10084.95145631068,26.302367941712205,male
8883.495145631068,16.052823315118395,male
12451.456310679612,25.21857923497268,male
12487.864077669905,25.12568306010929,male
11868.932038834952,17.043715846994537,male
10194.174757281551,28.25318761384335,male
8810.679611650485,16.02185792349727,male
5788.834951456311,29.73952641165756,male
8665.048543689321,16.45537340619308,male
6589.805825242718,25.00182149362477,male
8009.708737864078,22.21493624772313,male
1201.4563106796122,30.854280510018217,male
2257.2815533980574,25.52823315118397,male
10121.359223300971,30.823315118397083,male
2439.3203883495153,28.25318761384335,male
10412.6213592233,30.63752276867031,male
2657.766990291262,30.29690346083789,male
6480.582524271844,31.040072859744992,male
8774.271844660194,25.06375227686703,male
8337.3786407767,28.53187613843351,male
2949.0291262135925,16.88888888888889,male
11250.0,21.50273224043716,male
6516.990291262136,29.49180327868852,male
6371.359223300971,15.371584699453551,male
12014.563106796117,17.012750455373407,male
12706.31067961165,23.639344262295083,male
7245.145631067961,29.08925318761384,male
12706.31067961165,23.7632058287796,male
6844.660194174758,26.0856102003643,male
2184.466019417476,28.562841530054644,male
7682.038834951456,30.23497267759563,male
5643.203883495145,26.11657559198543,male
1165.0485436893196,23.608378870673953,male
10084.95145631068,25.435336976320585,male
9029.126213592232,28.779599271402553,male
5898.058252427185,16.579234972677597,male
6444.174757281553,29.460837887067395,male
4915.04854368932,23.422586520947178,male
6589.805825242718,31.10200364298725,male
5934.466019417476,16.36247723132969,male
8737.864077669903,29.49180327868852,male
5351.941747572815,28.12932604735883,male
10667.47572815534,29.24408014571949,male
2111.650485436894,30.63752276867031,male
2293.68932038835,28.34608378870674,male
2584.9514563106804,27.01457194899818,male
5570.388349514564,16.76502732240437,male
8628.640776699029,27.664845173041893,male
5060.679611650485,19.95446265938069,male
1347.0873786407774,28.9344262295082,male
6007.281553398057,21.595628415300546,male
9939.320388349515,29.553734061930783,male
8701.456310679612,16.88888888888889,male
5898.058252427185,16.145719489981786,male
7135.922330097087,26.05464480874317,male
6007.281553398057,24.475409836065573,male
2548.543689320388,26.02367941712204,male
13762.135922330095,17.601092896174862,male
9174.757281553397,27.510018214936245,male
7754.854368932039,28.500910746812387,male
2912.6213592233016,29.6775956284153,male
4769.417475728156,29.801457194899815,male
5752.42718446602,29.275045537340617,male
10631.067961165048,27.38615664845173,male
9065.533980582524,28.098360655737704,male
4878.640776699029,17.601092896174862,male
9065.533980582524,15.86703096539162,male
6881.0679611650485,28.996357012750455,male
6662.621359223302,29.522768670309652,male
9975.728155339806,26.92167577413479,male
6444.174757281553,19.27322404371585,male
10849.514563106795,27.943533697632056,male
9793.689320388348,31.504553734061933,male
6771.844660194174,20.44990892531876,male
9065.533980582524,17.384335154826957,male
4987.864077669903,29.367941712204008,male
11759.708737864075,17.972677595628415,male
11177.184466019418,16.950819672131146,male
2548.543689320388,25.99271402550091,male
9211.16504854369,24.846994535519123,male
3167.4757281553393,26.11657559198543,male
9247.57281553398,31.504553734061933,male
8046.116504854369,21.90528233151184,male
9029.126213592232,30.26593806921676,male
4296.116504854368,26.11657559198543,male
3458.7378640776697,17.074681238615664,male
10157.766990291262,26.395264116575593,male
6917.47572815534,29.429872495446265,male
6116.504854368932,26.48816029143898,male
8337.3786407767,25.00182149362477,male
9684.466019417476,31.4735883424408,male
5825.242718446601,27.540983606557376,male
6735.436893203883,26.766848816029142,male
10740.29126213592,26.240437158469945,male
3385.922330097088,26.0856102003643,male
12779.126213592232,17.508196721311474,male
7135.922330097087,29.027322404371585,male
6808.252427184466,26.735883424408016,male
10157.766990291262,31.256830601092897,male
6152.912621359223,27.262295081967213,male
8665.048543689321,16.48633879781421,male
6917.47572815534,26.0856102003643,male
7281.553398058252,27.602914389799636,male
6516.990291262136,29.367941712204008,male
7135.922330097087,31.87613843351548,male
3349.5145631067953,17.074681238615664,male
14563.106796116504,17.16757741347905,male
8992.718446601943,31.380692167577415,male
11868.932038834952,28.965391621129324,male
5206.31067961165,28.65573770491803,male
9793.689320388348,30.29690346083789,male
5242.718446601943,23.329690346083787,male
3750.0,26.05464480874317,male
7609.223300970873,29.33697632058288,male
9757.281553398056,26.240437158469945,male
7718.446601941748,29.460837887067395,male
6516.990291262136,31.56648451730419,male
6334.95145631068,26.240437158469945,male
11359.223300970874,17.601092896174862,male
2220.8737864077666,31.040072859744992,male
2621.3592233009713,28.315118397085612,male
8155.339805825242,17.043715846994537,male
5169.902912621359,28.717668488160292,male
9393.203883495144,29.213114754098363,male
2584.9514563106804,27.04553734061931,male
13179.611650485436,16.548269581056466,male
9247.57281553398,31.31876138433515,male
7026.699029126214,30.358834244080143,male
3932.038834951456,17.198542805100182,male
13070.388349514564,21.9672131147541,male
5424.757281553399,22.989071038251367,male
11868.932038834952,18.62295081967213,male
14199.029126213592,16.48633879781421,male
10776.699029126214,30.26593806921676,male
7645.631067961165,26.302367941712205,male
6407.766990291262,25.404371584699454,male
7026.699029126214,28.9344262295082,male
7645.631067961165,29.08925318761384,male
7572.815533980583,25.99271402550091,male
8046.116504854369,21.84335154826958,male
7645.631067961165,26.58105646630237,male
11796.11650485437,21.9672131147541,male
8555.825242718447,29.956284153005463,male
3276.6990291262136,16.672131147540984,male
6699.0291262135925,20.01639344262295,male
9065.533980582524,29.182149362477233,male
5934.466019417476,16.02185792349727,male
6771.844660194174,17.539162112932605,male
8956.310679611652,31.380692167577415,male
5461.165048543689,22.586520947176684,male
10813.106796116504,26.364298724954462,male
6080.097087378641,28.315118397085612,male
10376.213592233007,27.75774134790528,male
2949.0291262135925,23.453551912568308,male
6480.582524271844,20.88342440801457,male
8701.456310679612,16.207650273224044,male
7682.038834951456,29.275045537340617,male
8883.495145631068,28.779599271402553,male
10703.88349514563,27.695810564663024,male
5934.466019417476,17.3224043715847,male
5060.679611650485,29.770491803278688,male
13689.320388349515,21.4408014571949,male
7572.815533980583,28.036429872495447,male
10230.582524271846,29.615664845173043,male
7135.922330097087,28.65573770491803,male
14526.699029126214,16.48633879781421,male
6043.68932038835,30.69945355191257,male
9720.873786407768,31.13296903460838,male
6407.766990291262,29.89435336976321,male
7135.922330097087,30.018214936247723,male
11577.66990291262,19.05646630236794,male
5861.650485436894,30.544626593806925,male
5097.087378640777,17.848816029143897,male
11905.339805825242,25.68306010928962,male
8483.009708737864,15.06193078324226,male
5898.058252427185,21.688524590163937,male
10922.33009708738,21.131147540983605,male
5279.126213592233,20.57377049180328,male
10303.398058252427,26.704918032786885,male
7172.330097087379,26.0856102003643,male
8155.339805825242,21.90528233151184,male
10048.543689320388,27.38615664845173,male
2584.9514563106804,27.3551912568306,male
1929.6116504854365,23.51548269581056,male
6189.320388349515,29.70856102003643,male
10266.990291262136,27.262295081967213,male
8810.679611650485,28.841530054644807,male
6699.0291262135925,30.327868852459016,male
12633.495145631068,23.484517304189435,male
10266.990291262136,27.169398907103822,male
6043.68932038835,21.564663023679415,male
9793.689320388348,29.584699453551913,male
1638.349514563106,28.748633879781423,male
8774.271844660194,15.712204007285974,male
7063.1067961165045,31.659380692167577,male
12742.718446601944,16.548269581056466,male
4951.456310679612,17.632058287795992,male
7135.922330097087,29.33697632058288,male
10121.359223300971,31.225865209471767,male
10266.990291262136,19.459016393442624,male
3349.5145631067953,23.484517304189435,male
4441.747572815533,16.517304189435336,male
3859.2233009708743,26.05464480874317,male
6444.174757281553,30.947176684881605,male
6043.68932038835,17.105646630236794,male
11832.52427184466,18.71584699453552,male
8847.087378640776,30.11111111111111,male
10084.95145631068,26.98360655737705,male
2184.466019417476,25.373406193078324,male
10412.6213592233,27.3551912568306,male
7973.300970873786,25.99271402550091,male
8992.718446601943,22.83424408014572,male
13689.320388349515,16.48633879781421,male
10631.067961165048,29.70856102003643,male
2038.8349514563104,31.411657559198545,male
5497.57281553398,23.51548269581056,male
13689.320388349515,16.517304189435336,male
9502.42718446602,23.88706739526412,male
7245.145631067961,26.673952641165755,male
12451.456310679612,22.46265938069217,male
13070.388349514564,17.043715846994537,male
1274.271844660194,31.31876138433515,male
14381.067961165048,17.198542805100182,male
5606.796116504855,23.91803278688525,male
10485.436893203883,19.52094717668488,male
6699.0291262135925,17.693989071038253,male
5533.980582524271,20.790528233151186,male
11067.961165048544,29.83242258652095,male
8191.747572815534,30.14207650273224,male
11832.52427184466,18.22040072859745,male
14563.106796116504,20.326047358834245,male
9247.57281553398,24.846994535519123,male
8555.825242718447,28.036429872495447,male
5606.796116504855,26.95264116575592,male
9757.281553398056,26.797814207650273,male
9466.019417475727,26.178506375227684,male
582.5242718446607,28.12932604735883,male
14344.660194174758,16.85792349726776,male
6225.728155339806,25.52823315118397,male
8774.271844660194,26.42622950819672,male
3167.4757281553393,29.24408014571949,male
5388.349514563106,17.539162112932605,male
5970.873786407767,27.75774134790528,male
11322.815533980582,29.33697632058288,male
8410.194174757282,28.53187613843351,male
1237.864077669903,30.947176684881605,male
5424.757281553399,29.925318761384336,male
7973.300970873786,22.524590163934427,male
1856.7961165048544,23.546448087431692,male
910.194174757282,23.7632058287796,male
2512.135922330097,27.571948998178502,male
5934.466019417476,28.53187613843351,male
6371.359223300971,18.31329690346084,male
6480.582524271844,30.978142076502735,male
11796.11650485437,17.539162112932605,male
8519.417475728154,17.3224043715847,male
8483.009708737864,28.37704918032787,male
11177.184466019418,26.05464480874317,male
10230.582524271846,19.27322404371585,male
8665.048543689321,29.027322404371585,male
10266.990291262136,26.642987249544625,male
11250.0,28.996357012750455,male
2803.3980582524273,28.34608378870674,male
7281.553398058252,29.24408014571949,male
10558.252427184469,25.806921675774134,male
11868.932038834952,22.06010928961749,male
9648.058252427183,29.584699453551913,male
4550.9708737864075,28.903460837887067,male
9029.126213592232,16.02185792349727,male
5788.834951456311,27.448087431693992,male
11868.932038834952,18.22040072859745,male
9902.912621359224,25.373406193078324,male
7281.553398058252,27.75774134790528,male
1638.349514563106,28.68670309653916,male
8956.310679611652,27.47905282331512,male
6626.213592233009,25.280510018214933,male
14053.398058252427,21.131147540983605,male
7026.699029126214,28.036429872495447,male
5533.980582524271,26.642987249544625,male
5533.980582524271,26.612021857923494,male
3531.553398058253,16.610200364298723,male
11213.59223300971,29.24408014571949,male
5825.242718446601,28.779599271402553,male
7973.300970873786,17.35336976320583,male
8446.601941747573,29.89435336976321,male
6043.68932038835,28.37704918032787,male
10376.213592233007,28.500910746812387,male
3786.407766990291,29.49180327868852,male
6262.135922330097,26.333333333333332,male
9174.757281553397,29.151183970856103,male
8665.048543689321,31.442622950819672,male
6589.805825242718,19.6448087431694,male
5752.42718446602,29.398907103825135,male
2148.058252427185,30.792349726775956,male
5097.087378640777,29.33697632058288,male
5024.271844660194,29.801457194899815,male
13980.582524271846,17.415300546448087,male
9720.873786407768,31.07103825136612,male
9648.058252427183,25.24954462659381,male
8300.970873786408,17.229508196721312,male
12669.90291262136,22.27686703096539,male
11213.59223300971,28.81056466302368,male
6553.398058252427,15.278688524590164,male
1274.271844660194,31.380692167577415,male
7063.1067961165045,20.697632058287795,male
11832.52427184466,28.872495446265937,male
7281.553398058252,26.02367941712204,male
5060.679611650485,16.641165755919854,male
8446.601941747573,29.863387978142075,male
2912.6213592233016,28.9344262295082,male
2766.9902912621365,30.63752276867031,male
9320.388349514564,29.213114754098363,male
5279.126213592233,26.209471766848814,male
6007.281553398057,15.650273224043715,male
9029.126213592232,17.35336976320583,male
6699.0291262135925,26.612021857923494,male
6189.320388349515,29.6775956284153,male
7500.0,26.612021857923494,male
6516.990291262136,17.663023679417122,male
10048.543689320388,29.89435336976321,male
3932.038834951456,23.453551912568308,male
11213.59223300971,29.182149362477233,male
5424.757281553399,20.697632058287795,male
6844.660194174758,30.018214936247723,male
473.3009708737863,27.3551912568306,male
5898.058252427185,16.48633879781421,male
8737.864077669903,16.052823315118395,male
4550.9708737864075,26.0856102003643,male
4842.233009708738,17.632058287795992,male
6116.504854368932,26.45719489981785,male
12378.640776699029,17.384335154826957,male
11541.26213592233,17.012750455373407,male
10303.398058252427,31.380692167577415,male
14381.067961165048,20.635701275045538,male
5898.058252427185,16.641165755919854,male
6699.0291262135925,21.471766848816028,male
5970.873786407767,17.35336976320583,male
12196.601941747573,25.46630236794171,male
8847.087378640776,30.204007285974495,male
6152.912621359223,21.50273224043716,male
8919.902912621359,26.0856102003643,male
3021.844660194174,17.105646630236794,male
11614.077669902912,17.074681238615664,male
6990.291262135922,20.54280510018215,male
12560.679611650485,23.236794171220403,male
9757.281553398056,29.615664845173043,male
6480.582524271844,29.05828779599271,male
9393.203883495144,29.275045537340617,male
14526.699029126214,19.335154826958107,male
13325.2427184466,21.719489981785063,male
4041.2621359223303,16.548269581056466,male
5752.42718446602,29.429872495446265,male
3822.8155339805817,23.453551912568308,male
5097.087378640777,29.770491803278688,male
6189.320388349515,21.316939890710383,male
7718.446601941748,17.415300546448087,male
2584.9514563106804,29.584699453551913,male
5169.902912621359,28.996357012750455,male
10667.47572815534,29.213114754098363,male
12706.31067961165,17.16757741347905,male
9247.57281553398,24.877959927140253,male
5861.650485436894,21.65755919854281,male
11504.85436893204,19.05646630236794,male
3349.5145631067953,17.260473588342442,male
5898.058252427185,16.207650273224044,male
14344.660194174758,16.517304189435336,male
9065.533980582524,29.24408014571949,male
8300.970873786408,17.198542805100182,male
3058.252427184467,23.453551912568308,male
6189.320388349515,27.01457194899818,male
5461.165048543689,23.51548269581056,male
9466.019417475727,30.29690346083789,male
14417.47572815534,19.1183970856102,male
8956.310679611652,26.612021857923494,male
7500.0,21.316939890710383,male
6444.174757281553,18.901639344262296,male
6007.281553398057,27.75774134790528,male
9466.019417475727,29.24408014571949,male
7936.893203883496,28.315118397085612,male
6480.582524271844,29.89435336976321,male
14745.14563106796,17.043715846994537,male
3167.4757281553393,29.182149362477233,male
10922.33009708738,19.397085610200364,male
10521.844660194176,27.29326047358834,male
13434.466019417476,21.626593806921676,male
8483.009708737864,28.408014571948996,male
8592.233009708738,30.049180327868857,male
7354.368932038835,15.092896174863387,male
4550.9708737864075,28.965391621129324,male
5533.980582524271,23.608378870673953,male
12233.009708737864,16.82695810564663,male
9174.757281553397,23.143897996357012,male
8592.233009708738,28.036429872495447,male
6007.281553398057,24.53734061930783,male
1456.31067961165,23.670309653916213,male
12451.456310679612,23.020036429872498,male
13725.728155339806,17.477231329690348,male
7754.854368932039,32.0,male
10194.174757281551,26.364298724954462,male
1638.349514563106,23.546448087431692,male
8410.194174757282,22.153005464480874,male
9939.320388349515,31.00910746812386,male
2657.766990291262,31.411657559198545,male
4805.825242718447,28.438979963570127,male
5206.31067961165,18.87067395264117,male
12342.233009708738,25.280510018214933,male
12888.349514563106,17.508196721311474,male
6371.359223300971,29.398907103825135,male
6116.504854368932,15.557377049180328,male
7099.514563106796,29.306010928961747,male
12633.495145631068,16.579234972677597,male
5024.271844660194,17.78688524590164,male
2730.582524271844,28.315118397085612,male
10995.14563106796,17.074681238615664,male
6007.281553398057,28.53187613843351,male
5097.087378640777,19.428051001821498,male
9502.42718446602,31.225865209471767,male
5242.718446601943,18.62295081967213,male
2220.8737864077666,28.22222222222222,male
11614.077669902912,17.848816029143897,male
6480.582524271844,29.398907103825135,male
8701.456310679612,17.136612021857925,male
3167.4757281553393,29.73952641165756,male
5970.873786407767,21.471766848816028,male
7463.592233009709,15.06193078324226,male
7754.854368932039,26.612021857923494,male
14344.660194174758,16.48633879781421,male
9975.728155339806,29.49180327868852,male
12305.825242718449,16.703096539162114,male
5097.087378640777,29.275045537340617,male
9866.504854368932,26.85974499089253,male
4041.2621359223303,17.043715846994537,male
11796.11650485437,17.043715846994537,male
8847.087378640776,15.216757741347903,male
9466.019417475727,17.848816029143897,male
7500.0,17.16757741347905,male
6735.436893203883,20.01639344262295,male
4587.378640776698,28.965391621129324,male
10303.398058252427,26.673952641165755,male
14162.621359223302,17.043715846994537,male
14854.368932038837,16.981785063752277,male
6589.805825242718,26.271402550091075,male
9065.533980582524,29.306010928961747,male
6990.291262135922,27.510018214936245,male
7645.631067961165,26.612021857923494,male
8410.194174757282,31.4735883424408,male
9029.126213592232,17.074681238615664,male
9211.16504854369,25.15664845173042,male
5424.757281553399,20.728597449908925,male
10631.067961165048,27.695810564663024,male
11286.40776699029,21.50273224043716,male
6626.213592233009,28.872495446265937,male
8483.009708737864,17.3224043715847,male
5169.902912621359,28.872495446265937,male
7973.300970873786,22.24590163934426,male
13288.83495145631,21.750455373406194,male
3531.553398058253,17.074681238615664,male
9029.126213592232,31.690346083788707,male
7245.145631067961,17.570127504553735,male
6480.582524271844,26.240437158469945,male
8774.271844660194,15.990892531876138,male
7609.223300970873,28.9344262295082,male
13507.281553398056,16.548269581056466,male
11177.184466019418,28.6247723132969,male
11832.52427184466,29.646630236794177,male
7973.300970873786,17.446265938069217,male
5351.941747572815,29.801457194899815,male
12742.718446601944,24.16575591985428,male
8847.087378640776,22.617486338797814,male
14490.291262135925,20.51183970856102,male
8191.747572815534,15.0,male
8774.271844660194,26.240437158469945,male
11250.0,16.950819672131146,male
9720.873786407768,26.45719489981785,male
8992.718446601943,15.46448087431694,male
9575.242718446603,24.506375227686704,male
3640.7766990291257,17.074681238615664,male
13361.650485436894,17.601092896174862,male
2512.135922330097,25.868852459016395,male
4915.04854368932,29.770491803278688,male
9466.019417475727,30.11111111111111,male
9939.320388349515,30.26593806921676,male
11686.893203883496,28.562841530054644,male
6881.0679611650485,31.628415300546447,male
6334.95145631068,31.287795992714024,male
2257.2815533980574,28.562841530054644,male
6262.135922330097,28.19125683060109,male
6407.766990291262,15.340619307832425,male
